Market,Month,Originations,Dollar Volume,Year-over-year
AUT,203,2138188.23537369,48249042664.7568,2.44693559683495
MTG,203,882841.176776627,237559374287.301,63.193672042488
HCE,203,62906.4947501572,1716120265.43418,23.6809140838135
HLC,203,111370.490768467,12041293094.5884,3.69588511126977
PER,203,1372618.0197889,7680777959.05556,-4.79966806749338
RET,203,5086575.4847262,11618949340.6761,0.683198110377181
STU,203,474155.067337077,9496253156.39382,18.7950554595947
CRC,203,6064972.5629191,34764766391.6879,4.36205283984166
